Accuracy,Precision,F1-Score,Avg TPR (Sensitivity),Avg FPR,Avg TNR (Specificity),Avg FNR,AUC
0.48125,0.14855936187938729,0.2017613641681251,0.373080967402734,0.23897594194740512,0.7610240580525949,0.626919032597266,0.638718064197159
