Accuracy,Precision,F1-Score,Avg TPR (Sensitivity),Avg FPR,Avg TNR (Specificity),Avg FNR,AUC
0.54765625,0.5513165279843935,0.35303323681686694,0.46536153893734156,0.13289990611483052,0.8671000938851695,0.5346384610626586,0.9836904689665582
